DATASET,DATA_ID,STUDY_PART,TEXT,GROUND_TRUTH_LABEL
deliberation-sarcasm,19179,breadth,"Product: Holy Bible: Stock Car Racing (Paperback)Review Title: ""Gave as a gift to a friend that loves stock car racing.""I bought these bibles to give as gifts to my friends that love stock car racing. They were impressed with the stories of the race drivers they found in the bible. I gave one to my church to help reach  young people that might otherwise not pickup a bible. I wish they would make one for motorcycle riders.  I am a member of CMA and would use this as an outreach tool.  Chris Cline, Overland Park, KS",
deliberation-sarcasm,19181,breadth,"Product: Gravis Eliminator AfterShock Rumble Game Pad  USB (G48031) (Electronics)Review Title: ""Complete Garbage...""I bought this before reading the reviews, which is unlike me.  Once I saw the experiences the other buyers had had, I was nervous, but convinced myself that it would be fine.  I run XP, so I downloaded the software from the Gravis site, installed everything, and tried a game.  The D pad wouldn't work, despite the fact that I had downloaded the XP software.  If this had been the only problem, I would have figured that I had just done something wrong, but the joysticks were awful!  Half the time, I would move the joystick up, to move forward, and when I released it my character kept going forward.  Not great when you're standing on the edge of a cliff.  I found it impossible to get any kind of control over my game characters, not nearly enough to even consider being able to use the gamepad for games.  Another thing about the gamepad is that, although I tried it in the store, to get a feel for it, I decided rather quickly that, regardless of how it worked, it just wasn't right for my small hands (I'm female, and have exceptionally small hands).  I can't call this a complaint, just a matter of personal preference.  When I viewed the ""Read Me"" file on this thing, and came to the section about ""Known Bugs"", I about had a heart attack at all of the problems this thing is ""known"" to have!  After every single bug listed, they gave a completely lame, unsatisfactory ""solution"".  For instance, one bug said that games often take a moment to respond to input from the controller.  Their solution? ""Please wait a moment after each button click, to give the game time to respond"".  Erm, sure; I'll just politely ask 200 Orcs to stop attacking me while Aragorn takes a moment to respond, no problem.  I'm not by any means an extremely serious gamer with unrealistically high expectations for my equipment; I just like to play sometimes, and want moderately sufficient results.  This controller came nowhere near that, and I'll be returning it tomorrow morning, after only owning it for about 18 hours.",
deliberation-sarcasm,19183,breadth,"Product: The Twilight Saga: New Moon [Blu-ray] (Blu-ray)Review Title: ""Underworld + Dawson's Creek + Teen Beat Magazine = New Moon""Bart Simpson put it best ""only a girl could make a movie with vampires and werewolves boring.."" That describes ""New Moon"" perfectly.  The first Twilight film was tolerable. Slow moving, a little flat, but tolerable. Instead of moving things to a new level, New Moon wallows in the same somber material that was in the first film. But this time, girls, there are boys with no shirts = werewolves! How exciting? No, not really -  especially when there is so much maudlin dialog spread throughout this film.  I have to give credit to the marketing people and the producers. They managed to create something that can directly tap into the pre-teen, teen female movie-goer. Guys know, sensitivity is a hard thing to fake, but if you fake it well then you, just like this film,  will be real popular with the ladies. The romantic mythology of this age group is a very powerful thing and this film carefully harnesses that energy, generating massive ticket sales.   But is the film deserving of such attention? No, its not well made, the acting is boring and bad and the movie is unintentially funny. Lets hope this fad dies a quick death.",
deliberation-sarcasm,19187,breadth and depth,"Product: Sweet Little Lies: An L.A. Candy Novel (Hardcover)Review Title: ""pretty sure my IQ dropped trying to read this...""After reading the short, choppy sentences with little to no substance in the first LA Candy book, I amazed myself by giving Sweet Little Lies a shot. I got to about the third page before I had to stop, because I literally felt like I was putting myself at a disadvantage by attempting to read this. Save yourself the time and brain cells and pick up a book by someone other than a former MTV reality star.",
deliberation-sarcasm,19188,breadth,"Product: The Biggest Loser Workout: Cardio Max (DVD)Review Title: ""Disappointing workout DVD""People, this DVD is NOT for anyone who is already active and is less than 20 lbs. overweight. I bought this because it seemingly had three 20-minute cardio segments and I thought I'd get a great cardio workout. NOT. In the 1st segment, the instructor is primarily running his mouth (in an attempt to motivate) and not really participating much in the actual routine. All you see is several blubbery, out of shape, out of breath flabby folks who cannot stay in unison or use proper technique to save their lives. The viewer is left with a mish-mash of poor technique and a flamboyant instructor running his mouth (and hovering around the ""boys""). This may be a helpful start for those who have never worked out in their lives and who are 75 lbs OR MORE overweight but for those of us who've been moderate-to extremely active and have less than 20-30 lbs. to lose, you may not find this DVD useful on any level. I am used to seeing in-shape and toned bodies on my workout DVD's, providing a VISUAL GOAL for myself. Right? Why would someone who is hoping to drop a few lbs want to see grossly out-of-shape folks on their TV screen? I give them props for getting off their bottoms and trying to get healthy. But I truly recommend this DVD to the extremely overweight and inactive. The other 2 segments at least have the instructors working out (more than the 1st instructor) but the routines are low-cardio and mundane. And of course, the group is way out of unison.  *I was aware that the Biggest Loser cast was in the video; I just didn't realize they'd be so awful and pathetic. Sorry for the unkind words.",
deliberation-sarcasm,19190,breadth,"Product: Panasonic ER421KC Nose and Ear Hair Trimmer, Wet/Dry, Lighted (Health and Beauty)Review Title: ""Man, it's a nose trimmer, take it easy...""wow, the detail over such a little thing.  Look, it works great.  does the job... no complaints and a hell of a lot better than the crappy ones i got drug stores branded with the name 'conair'.  those really stunk. The quality difference is night and day.    And, the light: you aren't supposed to use the light WHILE you are using it.  It's for inspection before and after.",
deliberation-sarcasm,19196,breadth,"Product: Under My Skin (Audio CD)Review Title: ""OMG OMG!!!!!!!!""THIS IS THE MOSE PUNK ALBUM OF ALL TIME!!!! Avril is a goddess on the guitar and writes music better than ANYONE else. She is also da best s8kt0r in history. Her lyrics are genius. All the 5 star reviewers here are genius and cultered, just like myself. Like many people, I love talented musicians. And where do you find those? TRL of course!! You should get this if you want good music. If you want good music then also get:  -Nirvana (music became good after them and Kurt is second to only avril on guitar) - Good Charlotte, Blink 182, Simple plan (brutal punk rock) - g-unit (there is no greater team of musicians with more overall talent) - Vanilla Ice (created Rap and hip-hop. Ice Ice baby!) - Kenny G (he's sold more albums than any other instrumental ""artist"", so therefore he is better) - Ashlee Simpson  - Limp Bizkit (created metal) -Linkin Park -Metallica (St Anger may be the best metal album ever that doesn't feature Fred Durst)  This is what you should not get:  -Miles Davis (this guy was a poser. Get Kenny G instead) -baroque classical posers like Mozart, Bach, Paganini, Beethoven, Chopin etc  -self proclaimed ""rock"" bands ie Led Zeppelin, AC/DC, The Who, Queen etc -posers who think they can play the guitar (Segovia, Rhodes, Satriani, Friedman, Holdsworth, Reinhardt, Van Halen etc) - socalled ""metal bands"" like old Metallica, Megadeth, Black Sabbath and Iron Maiden -any of that ""progressive"" crap like Dream Theater",
deliberation-sarcasm,19202,breadth and depth,"Product: Armageddon (1998) [VHS] (VHS Tape)Review Title: ""The worst movie I've ever paid to see""It's been a year so I'm fuzzy on some details of the ""plot"" but I vividly remember how awful this was, even embarrassing to watch. I know very little about physics but I knew the ""science"" was bogus.  More problems: 1. Drunk Russian stereotype - yeah, he's smart enough to be  an astronaut but even their scientists are vodka-swilling boozehounds. 2.  Willis chases Affleck with shotgun after finding B.A. in bed with L.Tyler;  so unfunny and another movie cliche 3. Fire on asteroid? No oxygen for it  to burn. 4. No bomb can blow up asteroid that big 5. They become astronauts  after a few weeks training. 6. Bruce Willis' presence. 7. Yet more  stereotypes: Fat guy, big black guy, goofy yet smart little guy, etc. You  know the routine.  8. NASA people incompetent; stand around and let an oil  driller run show. 9. Love scene between LT and BA 10.Aerosmith soundtrack.  Don't always dislike them, but these songs were crappy. 11....ad infinitum:  The bad science I mentioned earlier. I wish a real asteroid had hit the set  when they were shooting this.  Absolutely horrific. Appalling. I was so  embarrassed to be watching this movie.  Please, spare yourself the torture.",
deliberation-sarcasm,19203,breadth,"Product: Senseo Dark Roast Coffee, 18-Count Pods (Pack of 6) (Grocery)Review Title: ""Weak and Bitter""terrible swill.  I can't belive this is from the company that WANTS to sell you their coffee maker.  Try the Millstone or if you can find it the Target brands instead.",
deliberation-sarcasm,19204,breadth and depth,"Product: Guilty Pleasures (Anita Blake, Vampire Hunter) (Paperback)Review Title: ""Depressing""All the hundreds of thousands of wannabe writers out there (including yours truly) and THIS is what gets published.  Granted, it's a great premise, its just terrible writing and saddest of all (judging by the success of this series) no one can tell the difference.  But by all means if you want writing that tells instead of shows, ideas that don't develop any further than it takes to read in a chapter about the length of a visit to the toilet and characters as memorable and charismatic as the physical paper they are printed on, don't delay, this is the book you've been waiting for.  On the other hand, it's only fair that I point out that I've seen the comic book version and it's perfectly suited for that medium, it works much better in that form.    I'm not here to bash the writer, her success or loyal fans, just offering a warning to anyone who might stumble across this review to reconsider before diving in.  Ms Hamilton is cackling all the way to the bank, I'm certain her writing has improved over the course of the series  and I certainly don't begrudge her success one iota.  I just didn't like her book, in a big way.",
deliberation-sarcasm,19208,breadth and depth,"Product: Dyson DC25 Animal Ball-Technology Upright Vacuum Cleaner (Kitchen)Review Title: ""Don't Believe the Hype""I purchased one yesterday and was very excited to try it out.  It was so cool looking and easy to manuver.  I eagerly turned on the machine and made a few easy strokes..... huh? Something must be wrong.  It didn't even erase the footprints in the carpet and the suction was ok at best.  I switched off the brush bar and looked in the end, nothing was wrong.  I called customer service and after about 15 minutes on the phone with them figured out it was working properly. What the heck? I expected this thing to suck so hard that it would lift the carpet and create perfecty groomed rows of nap...like a freshly plowed field.  Not even close it barely even combed the top of the fibers.  Problem #1-No height adjustment for the brush bar.  It barely even touches the carpet.  Not enough to even give you that ""just vacuumed"" look.  Talk about a suction leak. Problem #2-It doesn't have very good sucking power.  My old Bissel sucked 2x as hard as this dyson.  Even the guy on the customer care line said it only moved about 50CFM of air compared to my old vacuum that moved much much more.   Don't belive the marketing hype.  It's not worth the money.  Ever wonder why consumer reports ranks the cleaning ability of the Dyson as average?  Because it is.  Consumer reports is dead on in their review.  It's just not that good of a cleaner. Sure it looks cool and you can park it in the driveway to impress your neighbors... but as far as cleaning my carpets, this vacuum sucks - Not in a good way. I took it back to the store a few hours later and got my money back.  If I want a vacuum that cleans just OK then I'm not going to pay [...] bucks.  The 99 dollar ones at Target work just as good, if not better.",
deliberation-sarcasm,19211,breadth,"Product: Can You Keep a Secret? (Hardcover)Review Title: ""If  you thought the TV show Friends was FABULOUS, you'll love this....""But if not, you'll be bored silly by this book. I know I was. I've rarely stopped reading a book before reaching the end, but I was sooo close with this one. The only reason I kept reading was because of all the 5 star ratings I saw here. I thought, surely, it must get better. It has to! I was waiting for all the 'laugh out loud' moments that everyone was talking about but they never appeared. My advice: if you're not laughing away midway through, abandon ship! It doesn't get any better. In fact it gets worse.  To be honest, I tend to read more serious stuff. I've read a couple really great 'chick lit' books but this one really falls short.  I picked it up at the library  in search of a quick light read. I didn't find it such a quick read because I just couldn't get into it. And yes, it's light but really dull and well, for me anyway, boring.  Where do I start with what I disliked about this book? The characters are flimsy caricatures -- completely unbelievable and they're all so irritatingly thick. The dialogue never really goes anywhere. Emma has this completely irritating habit of starting every other sentence with ""er, uh, um...."" Whatever laughs there are are so belaboured that they're just not funny anymore. For instance, the big scene where Jack spews all of Emma's secrets & her colleagues respond in shock to every single darned one goes on for some 4 pages ('You're really a size  6?' 'You have a  Barbie bedspread?' 'You hate crochet?' bla bla bla...) Boy, funny stuff. You already know what all of them are anyway, so there's just no sense of suspense or tension. And in general, you know what's going to happen ages before it does, so as I was reading I kept thinking 'oh come on, get on with it already!' I found the writing style just plain flat and uninspiring. There's just no depth of any kind. Worst of all, the plot line is so contrived.  I completely get why Emma would think she was 'madly' in love with Jack after just a couple dates but what's Jack's deal? Are we really supposed to believe that some multi-millionaire CEO would fall in love with this ditzy, dim junior employee who is easily what, 20 years his junior? Riiiight. And Jack's 'big secret'? Now THAT made me laugh because it was just soo silly! And the sappy ending? Yuck!  Sorry, I just could not recommend this one unless you were shipwrecked on an deserted island with absolutely positively nothing else to do and even then, maybe not. I truly am baffled by all the rave reviews here. It reads more like a teen novel than something for adults --  very, very, very sophmoric. Anyway, you get the point. I really didn't like it.   I would, however, like to recommend 2 other chick lit books that surpass this one by miles. The Other Side of the  Story by Marian Keyes is an incredibly witty, smart, sparkly, genuine laugh-out-loud book. I couldn't  put it down and although it's long, I was disappointed when I was done because I wanted more. Girl's Poker Night by Jill Davis is another very funny, very bright book. Both of these books are everything I think this one hoped to be.",
deliberation-sarcasm,19213,breadth,"Product: If Democrats Had Any Brains, They'd Be Republicans (Paperback)Review Title: ""If you find Ann attractive...""Ann always looks like a hooker on the cover of her books.  If you find her attractive, I recommend going to the bookstore and ripping off the cover of the book when no one is looking.  You can hang it on your wall or carry it with you and look longingly at her when you get bored--but save your money and your time....don't bother reading this book.",
deliberation-sarcasm,19214,breadth,"Product: Gravis Eliminator GamePad Pro  (PC/USB Mac) (Electronics)Review Title: ""Durablity Stinks""Maybe it's just me, but in about 1 or 2 months, the paint started coming off the joystick/pad with only the face of my thmb (no scratching).  Also, about a week later, It just stopped.  It died, no longer worked.  I took it apart and nothing was loose. I think the circuts got messed up.  Basically, if you are planning to do anything other than look at this gamepad, which isn't too pretty anway, don't purchase this (unless somebody pays you to do it)",
deliberation-sarcasm,19223,breadth,"Product: The Brothers (DVD)Review Title: ""Glorified fornication passing for a movie!!""We take turns in book and movie reviews. Here is my say on this so-called movie/dvd. The only way to enjoy this dvd is with the sound turned completely off. That's right, just watch the entire movies in silence. At least your eyes will enjoy what will otherwise torture your ears and mind. Let's see what your ears/mind would miss. (I wish mine had.) Marital breakup over oral sex. Hmmm, oh, father and son dating same female (there are old testament laws against such). Black males and black females can't get along, what's new. And the big mouth no-talent d.l. hughley, yuck. I knew something was wrong when all my bookclub member could say about this movie is ""uh, well morris chestnut is fine."" I mean that's all she could say. Save your money on this dvd and buy a poster of Morris Chestnut, it's less expensive on time and money and mentality.",
deliberation-sarcasm,19224,breadth,"Product: Slap Chop (Kitchen)Review Title: ""You're gonna love my nuts.... or are you?""As Vince says in the commercial ""you're gonna love my nuts"" but the slap chop doesn't do a very good job of chopping them. This thing is flimsy and cheap. It has a hard time chopping foods with peels. Food goes everywhere and gets stuck in the blades. I don't recommend this TV product.",
deliberation-sarcasm,19225,breadth and depth,"Product: Flexees Women's One Fabulous Body II Lace Cami #77340 (Apparel)Review Title: ""Comfortable and Looks Very Good In Black""I bought this outfit for my brother, but he doesn't wear anything in black when he works out in the gym. I was going to return it and my uncle said he's try it on.  He looks stunning in it, considering his age. My aunt got jealous and now I have to buy her one too!",
deliberation-sarcasm,19226,breadth,"Product: Melitta One:One Java Pods, Love At First Sip Medium Roast Coffee, 18-Count Pods (Pack of 4) (Grocery)Review Title: ""Love at First Sip? Not.""I didn't like this at all, it had a really funky taste. I tried several times to drink it and finally just threw it away - and I'm really tight with the dollar!",
deliberation-sarcasm,19229,breadth,"Product: Brooklyn's Finest (DVD)Review Title: ""A MISERABLE AND DEPRESSING PIECE OF WORK.""This movie has no redeeming or inspiring quality. It is just a two hour marathon of depression. If you want to spoil your evening and experience depression this will do it. All you see is the disgusting side of things. Nothing good.",
deliberation-sarcasm,19232,breadth,"Product: Dunlop 2-Pack Egg ShakerReview Title: ""Mike it""Good for basic rythmn, but you'll never hear these in a live setting, unless you mike them.  Be like Mick Jaggar and get the really big gord models or better yet, some plastic or rawhide model, or a cylindrical shaker, you can at least hear them in the live setting.",
deliberation-sarcasm,19233,breadth,"Product: Dead in the Family (Sookie Stackhouse, Book 10) (Hardcover)Review Title: ""Horrible continuation...""How would I describe the plot in Dead in the Family?  Oh, right, there is no plot!  All you'll get is a series of choppy, unpolished storylines mixed with brief appearances from the large number of characters in this book.  Sookie sighing over Eric, Sookie unsure of where she stands with Bill, something or other about Alcide and the werewolves, dealing with a suspicious fairy triplet, and so on and so forth.  None of it serves a purpose.  This is always a problem authors face when they're forced to extend a series once it becomes successful: the overlapping of characters and subplots become so overwhelming that they don't know what to do with them.  Laurell K. Hamilton, Jim Butcher and Kelley Armstrong suffer from the same thing.  It's time for Ms. Harris to put this series to rest.  Now that Alan Ball has adapted this story for the HBO series, I am actually enjoying that more than the books.  All I can do is thank Harris for writing this, for the TV series wouldn't exist if she hadn't started this.  Funny, but when I read her books years before the TV show was even planned, I wouldn't have pictured myself giving up on it.  Unfortunately, it has reached my limit. Now I'm off to watch True Blood.",
deliberation-sarcasm,19236,breadth,"Product: Firefly - The Complete Series (DVD)Review Title: ""You can't take the skies from me""Firefly was a show that came on the heels of Fox's usual brilliant decision-making--right after it cancelled my beloved Dark Angel.  I first thought this show would be awful, but I sat down and watched it--and it was love.  Truly.  It's rare to find a show that can be taken seriously that also made me laugh out loud in every episode.  The writing was extraordinary, and the actors/actresses were absolute gold.  It was really like watching a movie each time around.  Yet again, Fox shot itself in the foot and iced another good show.  Nonetheless, at least the DVD is soon to come.  At least they had the decency to do that.  Come on, sing it with me: ""Take my love, take my land, take me where I cannot stand.  But I don't care--I'm still free.  You can't take the skies from me...""",
deliberation-sarcasm,19242,breadth,"Product: Toilet Paper Origami: Delight your Guests with Fancy Folds & Simple Surface Embellishments or Easy Origami for Hotels, Bed & Breakfasts, Cruise Ships & Creative Housekeepers (Crafts/Towel Folding) (Paperback)Review Title: ""Touchy, feely and not good for the environment.""Very nice folds, and creative too....but who wants to use something that has been touched and folded a dozen times by another person's hands?! Stick to napkins and towels, or the very basic of toilet paper folds. To say nothing of the environmental impact of all the extra toilet paper used.",
deliberation-sarcasm,19244,breadth,"Product: HP DeskJet F4480 Inkjet All-in-One Printer (CB745A#B1H) (Electronics)Review Title: ""caveat emptor!""A nice printer rendered nearly useless by 2 reasons (so far) to hate this thing, had it about 2 weeks. #1: snatches paper like a starving man grabbing bread. Has snarled EVERY sheet of glossy brochure paper I've fed it! #2: Who wrote the software, a pinhead? If you remove a paper jam (see #1), or even do something as simple as replacing a cartridge, it signals ""no paper fed"" and then you have to print whatever it wanted like it or not, or fight with it by unplugging, turning off & on, turning pc off & back on, etc. etc. and it still doesn't always reset. I am just about to throw it through the wall! Update: two weeks later, after two printers and over 2 hours on the phone just now with amazon & hp, I can guarantee you I will never buy another HP product. Never. Ever.",
deliberation-sarcasm,19245,breadth and depth,"Product: Full Bar (Health and Beauty)Review Title: ""Squirrel's love 'em!""Make no mistake, this is a candy bar masquarading as a nutrition bar.  With whopping 9 grams of sugar ( 45 calories ) almost 1/3 of the calories in total, you'll have a much more pleasant experience having a small candy bar.  I found the taste and texture so awful I had to spit it out.  To the delight of my squirrel friends, I tossed the rest of the bar outside where they promptly gobbled it up.  This is a gimmick created by this Dr. for cash purposes.  If he's such a great diet Dr., why doesn't he recommend you eat plain nuts?  An apple?  A yogurt?  There is nothing magical about this bar - eat ANYTHING that contains 170 calories with a glass of water a half hour before your meal and you'll probably be just as full.",
deliberation-sarcasm,19246,breadth,"Product: Panasonic ER421KC Nose and Ear Hair Trimmer, Wet/Dry, Lighted (Health and Beauty)Review Title: ""Use a scissors.  This trimmer is junk.""I don't know what kind of hair this trimmer is supposed to cut, but it don't cut mine.  You can stick it in your nose until the battery dies (which actually is not such a long time), and you won't cut as much hair as you could with a pair of scissors in 10 seconds.  There's just no comparison.  This trimmer makes a lot of noise and painfully tugs on hairs, but it's all sound and fury.  Nothing much happens.  So, I'd say that unless you have tremors or something, you'd be much better off with a $3-pair of manicure scissors.  Do the job in 10 seconds.",
deliberation-sarcasm,19247,breadth,"Product: Raider Deluxe Gloss Black Medium Helmet (Automotive)Review Title: ""Not A Good Helmet!""I bought this helmet to use for a second rider on my motorcycle. It's only good for that if you don't like your rider. It is not very well made, it runs small and the shell feels like it would crack if you dropped it. Didn't give me a whole lot of confidence that it would protect someones head in an accident. But considering the price, I guess you really can't expect to much.  I would only recommend you use this helmet if you are riding a scooter or moped that doesn't get up to highway speeds.",
deliberation-sarcasm,19250,breadth,"Product: The Da Vinci Code (Mass Market Paperback)Review Title: ""NOT LITERATURE, BUT A GREAT BUSINESS MODEL""I hear this novel has sold over 6,000,000 copies.  Mr. Brown is no doubt pleased, and loses little sleep over the possibility that in six years no one will be reading his blockbuster.  He has his villa on the Riviera, if he wants it.  I do not wish to disparage his talents.  Suppose you wish to write such a novel and have in mind several characters.  Character A (a handsome American, by the way)is perhaps the world's leading authority on, say, symbolism.  Character B (beautiful by the way) is a brilliant young French cryptologist.  Character C (incredibly wealthy and charming)is an eccentric old English peer who happens to have spent his entire life studying early Christian exotica, including secret societies and the legend of the Holy Grail.  Fate throws them together one dark and stormy night in Europe.  The action is precipitated by character D, a hulking religious albino homicidal maniac who wears a monk's robe and favors barbed wire garters.  He is a (fictitious) postulant in service to Opus Dei (God's work), an arch-conservative semi-secret Catholic sect that is obviously up to no good --desiring, as they do, to crank the wayward church of today back a thousand years or so to when Christians really knew how to suffer. D is not the villain, by the way, and his passion for slaying is excused by the fact that when a kid, other kids teased him about his size and lack of pigmentation.  Okay, now you have four highly original characters, and an opening sequence in which, it turns out, several perfectly nice and distinguished old fellows are murdered by the monk.    Where do you go now?  Well, in this enlightened age, you know how readers love books that moon religion, and especially if the moon-ee is the once venerable but now scandalized Catholic Church.  But you can't just make stuff up, at least not all of it, so you have to do some hard work called research, or hire someone to do it.  What you dig up does not have to be entirely true, as long as it is interesting, especially if it is a little titillating to one's baser instincts.  History being what it is, and humans being who we are, you will discover a number of unsavory truths mixed in with a larger number of equally unsavory untruths, rumors, suspicions, legends, and valid questions.  As a creative person endowed with artistic license, you may crayola some of these tidbits to make them even more delicious, if not salacious. This is called ""mining the vein of history.""  If you are diligent and blessed with a certain intelligence, you will, out of this stew of possibles, come up with a substory that is so gripping, so bizarre, so full of lust and corruption that few will not want to hear of it.  More work is ahead, for your true genius is revealed in how you plot the story.  When is ""fact"" X, hinted at or revealed, and by whom or what?  Character A knows much, but not enough; enter character B, to complement A's knowledge.  Even the two are still insufficient (although they are falling in love).  Alas, even the vast erudition of C leaves us wanting.  Read on!  Read on!   Maybe, dear reader, after I don't know how many hundreds of pages, you get tired of the author's continuously advancing carrot and you flip to the final pages to find the final answer.  Then you might wish to turn to another novel about real people in a real world, such as A month in the Country, by J. L. Carr",
deliberation-sarcasm,19251,breadth,"Product: Toilet Paper Origami: Delight your Guests with Fancy Folds & Simple Surface Embellishments or Easy Origami for Hotels, Bed & Breakfasts, Cruise Ships & Creative Housekeepers (Crafts/Towel Folding) (Paperback)Review Title: ""Toilet Paper Origami Review""A neighbor shared this book with me. I made several of the easy patterns and fell in love with it.  We gave it as a Christmas present to several friends and relatives and they were delighted with it. The directions are easy to follow. This would be a great project book for kids for cheap mother's day presents. I loved it!",
deliberation-sarcasm,19252,breadth and depth,"Product: Norcross Hawkeye H22PX Sonar System (Electronics)Review Title: ""portable  depth finder needs to be in water.""The product description does not indicate that the product must be in the water to function, ie; if it is used in a boat it is recomended that the depth finder be placed in a plastic bag filled with water then placed against the hull for a ""through the hull reading"" it appears this product would work fine if your vessel was sinking. This product might work fine if you boat is built close to the water so you can drag it along by hand. It appears this product is an underwater transducer attached to the readout. To be fair, this product would probably work fine for swiming and diving but living in Michigan that is a few months away. It appears to be well built for it's intended use as an underwater instrument.",
deliberation-sarcasm,19256,breadth and depth,"Product: Firefly: The Complete Series [Blu-ray] (Blu-ray)Review Title: ""Seriously lame""I don't understand why anybody thinks this is at all good.  I'm a sci-fi geek through and through, from all the Star Treks, both BSG's, all the Stargates, Babylon 5 (and it's ill-fated spinoff Crusade), I'm usually cool with anything in space.  But my god.  Ridiculous? Awful? Cause of severe eye-bleeding? I'm not sure how I can really describe this show.  I probably even managed to make it through half the episodes without knowing or caring who was doing what before I gave up and sold it on here to some poor misguided soul. The acting is bad.  So is the writing.  And the western style is absurd.  Why in the H would people redevelop western accents?  Is the medieval British accent making a comeback? The whole thing is just a complete waste of a show.",
deliberation-sarcasm,19257,breadth,"Product: The Blind Side (DVD)Review Title: ""Blind Sided""Yes, the STORY itself is great. The Tuohys should be commended and I am glad they made the film to bring awareness to that. I do like Sandra in it, but was it an Oscar-worthy performance? No. (as a comparison Julia Roberts' performance as Erin Brockovich was far superior) And to put that little kid front and center like that through the whole thing with his over-acting was a total distraction, unrealistic, and annoying. He was the Jar-Jar Binks of the movie for sure. And riiiiiiiiight...this little kid coached Mike making him the great football player that he is because a first grader knows more about football than any real coach does. Sure. Whatever. And TIM MCGRAW in a lead role? Who came up with that idea? Something tells me he didn't show up at the casting call and beat out everyone else out because he's a better actor than all the real actors out there. He's a country western SINGER with NO acting experience (or ability) as I found out from watching this movie. I also find it HARD to believe that she would just be able to yell at some bigoted redneck in the stands and drug dealers and have NO consequences for that at all. Yeah, I'm gonna drive my 7-Series BMW to the drug-dealer hang out, get out dressed in diamonds and expensive clothes and threaten drug dealers who kill people on a regular basis all by myself, get in all of their faces and tell them I have a gun in my $800 Gucci bag and just shut them all down verbally because I'm just ALL THAT? Uh huh. Right.",
deliberation-sarcasm,19260,breadth and depth,"Product: The Fame (Audio CD)Review Title: ""Success does not equal quality!!""Try, if you can, to put to one side GaGa's irritating self-obsession and her ridiculous delusion that she's somehow in on a 'party' and is 'sharing it' with us lowly non-famous people, and let's look at the album on it's own merits. Surely it can't be THAT bad, right? She has credentials, after all. She's worked with some respectable collaborators, after all. She can hold a note, after all.  Sadly, none of this seems to have counted for much at all. What we have here is the very worst pop sludge, making it's ugly way off the predictable, unoriginal treadmill of weak pop music and into the mindset of the hysterical masses, whose purchases and subsequent success of that which they purchase fool both consumer and artist alike into attributing far more quality to a product like this than it actually warrants.  Put simply, this is rubbish. Over indulgent, shallow and completely inconsequential rubbish of the kind we'll look back at in five years time and wonder what on earth so many people were thinking by buying it in large quantities. Presumably GaGa knows this already, hence her insistence on dribbling out barely coherent concepts of her fans being 'part of her lifestyle' (as if it's in any way desirable), and distracting us by flashing her body as if it adds anything other than something most women will cringe at and be rightly embarssed for her about.  Given her past contacts, this really is unforgivable tripe. Its success is no justification for it's supposed quality. We all know that if the sheep are spoon-fed something and told it's good by radio stations and celebrity magazines, they'll inevitably lap it up thoughtlessly. Given how many artists are actually putting out decent music that gets overlooked because some trumped up nobody with favourable contacts and a good body puts out garbage like this, it's a real tragedy that everything other than quality seems to be the criteria that measures success.",
deliberation-sarcasm,19261,breadth and depth,"Product: The Twilight Saga: New Moon (Video On Demand)Review Title: ""Boring, boring, boring""I'm 45 minutes into this film and can't think of any good reason to finish watching it. There is NO STORY. Belle is pining for Edward and fixing a motorcycle. Wow, I'm on the edge of my seat. I've never been able to see what the young ladies see in Robert Pattinson, and this makes me wonder even more. But to each his (or in this case, her) own. The only thing keeping me in suspense is when does Taylor Lautner cut his hair? If you're a fan of the series or fan because all your other friends are gaga for this series, then watch it, otherwise, catch up on any missed episodes of Buffy. She's far more entertaining.",
deliberation-sarcasm,19262,breadth,"Product: Slap Chop (Kitchen)Review Title: ""Pretty good""Works fairly well, just a little dangerous to clean. But, it was fun to pound on the knob and see the results.",
deliberation-sarcasm,19264,breadth,"Product: Superunknown (Audio CD)Review Title: ""Boring and polished""Well, this is a record I heard daily in the spring days of 1994, but now, let's say it's some of the records I don't want to let any of my friends know I have. After the excellent ULTRAMEGA OK (just the title says all) and  the less excellent Badmotorfinger this must be considered as the complete  sell-out! The only really cool track is Ben Shepherd's ""Half"". I  can't help thinking of pop-grunge fourteen year old girls with pierced  noses when I hear ""Black Hole Sun"". Sad.",
deliberation-sarcasm,19265,breadth,"Product: Mighty Putty 3-Pack (Kitchen)Review Title: ""Great for children!""My children are always complaining about eating that or saying that. It get's seriously annoying and Mighty putty claims to fix leaks, so I put it to the test and now I can drive hour long car rides with little to no problem.",
deliberation-sarcasm,19267,breadth,"Product: New Moon (The Twilight Saga, Book 2) (Hardcover)Review Title: ""Chinese Water Torture and Editors""Wow... the first one was at least good to read the first time, but this just sucked.   I'm the kind of girl who hated Romeo and Juliet. I hated the way they committed suicide over each other, and how Juliet picked Romeo over actually having a life even though being with Romeo meant suicide. Therefore, it's not to hard to figure out that I wasn't all too fond of this.  I actually don't know who I pity more: me, for reading this book when Chinese water torture might have been preferable, the editor for having to fix it from whatever level of absolute hopelessness it was in to the level of suckiness that it became, or Bella whose love left her (a sign to get over them to anyone reading this- don't wallow over some idiot) and was adament about their inexistent future together in the first place. Hm. Real tuffie. I don't know if me or the editor had it worse.   What about Bella? Who cares, she was an idiot.   And if love makes people fools, then it's not all its cracked up to be and I'm fine being single.",
deliberation-sarcasm,19269,breadth,"Product: Microsoft Windows 7 Home Premium (DVD-ROM)Review Title: ""Its another Bill Vista Gates""The secret to become rich is easy, Make a none working(windows) product which is none existent(virtual)and make all who use it to pay multiple times for the same product(dont provide bootdiscs,instead embedded chips). O I allmost forgot the most important thing you need immunity from the government(s), in order to continue to billionaire status. Bill did it over and over again and here it is again. Tatataaaaa Vista 7, oops sorry Windows 7. To be continued with Window 8 next year spring hahaha..",
deliberation-sarcasm,19275,breadth,"Product: Vulli Sophie the Giraffe Teether, Brown/ White (Baby Product)Review Title: ""Sophie has no spots now""This toy is WAY over rated.  The spots rub off with water. Sophie is naked now and her eyes look like her mascara has run down her face.  Not to mention that she feels and sounds like a dog toy, which is why my mom's dog ate her head.",
deliberation-relation-person-place,19277,breadth and depth,"Read the question, sentence, definition, and instructions carefully.Is the following relation expressed in the sentence below?President Vieira ""lived in"" BissauSentence:The newly named Guinean minister of security and civilian protection arrived in Bissau on Tuesday for an hour-long visit in which he briefed President Vieira on reasons for the Dec. 23 coup launched by young military officers.Definition of ""lived in"":""Lived in"" means a person spent time in a place for more than a visit. Working in a location does not imply that a person has a ""lived in"" relation except for the country of national officials. You may assume that someone who has held a national office or played for a national sports team has lived in the country they serve or represent. Ambassadors should be counted as national-level officials.General Instructions:You should only select ""Expressed"" if the relation can be inferred by reading the sentence, even if you know others are true. You also should not say ""Expressed"" based on facts that are likely to be true, but you are not sure after reading the sentence.Make sure you understand what two entities you are checking the relation for.",relation_not_expressed
deliberation-relation-person-place,19278,breadth,"Read the question, sentence, definition, and instructions carefully.Is the following relation expressed in the sentence below?Bhutto ""lived in"" PakistanSentence:In his comments in Crawford, Bush said, ""Mrs. Bhutto served her nation twice as prime minister and she knew that her return to Pakistan earlier this year put her life at risk, yet she refused to allow assassins to dictate the course of her country.""Definition of ""lived in"":""Lived in"" means a person spent time in a place for more than a visit. Working in a location does not imply that a person has a ""lived in"" relation except for the country of national officials. You may assume that someone who has held a national office or played for a national sports team has lived in the country they serve or represent. Ambassadors should be counted as national-level officials.General Instructions:You should only select ""Expressed"" if the relation can be inferred by reading the sentence, even if you know others are true. You also should not say ""Expressed"" based on facts that are likely to be true, but you are not sure after reading the sentence.Make sure you understand what two entities you are checking the relation for.",relation_not_expressed
deliberation-relation-person-place,19279,breadth,"Read the question, sentence, definition, and instructions carefully.Is the following relation expressed in the sentence below?Pavarotti ""died in"" ModenaSentence:Pavarotti died September 6 aged 71 in his hometown of Modena, in northern Italy, after suffering from pancreatic cancer.Definition of ""died in"":""Died in"" means a person died in a certain location. This is most often indicated by actually using the words ""died in"" in a sentence.General Instructions:You should only select ""Expressed"" if the relation can be inferred by reading the sentence, even if you know others are true. You also should not say ""Expressed"" based on facts that are likely to be true, but you are not sure after reading the sentence.Make sure you understand what two entities you are checking the relation for.",relation_expressed
deliberation-relation-person-place,19280,breadth,"Read the question, sentence, definition, and instructions carefully.Is the following relation expressed in the sentence below?Paulos Faraj Rahho ""died in"" MosulSentence:The body of the Chaldean Catholic archbishop of Mosul, Paulos Faraj Rahho, who was kidnapped by gunmen in Mosul in northern Iraq late last month as he drove home after afternoon Mass, was discovered Thursday in an area south of the city, church officials and the Iraqi police said.Definition of ""died in"":""Died in"" means a person died in a certain location. This is most often indicated by actually using the words ""died in"" in a sentence.General Instructions:You should only select ""Expressed"" if the relation can be inferred by reading the sentence, even if you know others are true. You also should not say ""Expressed"" based on facts that are likely to be true, but you are not sure after reading the sentence.Make sure you understand what two entities you are checking the relation for.",relation_not_expressed
deliberation-relation-person-place,19281,breadth,"Read the question, sentence, definition, and instructions carefully.Is the following relation expressed in the sentence below?Lazare Ponticelli ""died in"" FranceSentence:The last remaining veteran of World War I, Lazare Ponticelli, who died Wednesday in France at age 110 after outliving all the other 8.4 million Frenchmen who fought in what they called ""la Grande Guerre.""Definition of ""died in"":""Died in"" means a person died in a certain location. This is most often indicated by actually using the words ""died in"" in a sentence.General Instructions:You should only select ""Expressed"" if the relation can be inferred by reading the sentence, even if you know others are true. You also should not say ""Expressed"" based on facts that are likely to be true, but you are not sure after reading the sentence.Make sure you understand what two entities you are checking the relation for.",relation_expressed
deliberation-relation-person-place,19282,breadth and depth,"Read the question, sentence, definition, and instructions carefully.Is the following relation expressed in the sentence below?Samak Sundaravej ""lived in"" BangkokSentence:Bangkok, Thailand -- Samak Sundaravej -- the man likely to become Thailand's next prime minister -- is known for his sharp tongue and short temper.Definition of ""lived in"":""Lived in"" means a person spent time in a place for more than a visit. Working in a location does not imply that a person has a ""lived in"" relation except for the country of national officials. You may assume that someone who has held a national office or played for a national sports team has lived in the country they serve or represent. Ambassadors should be counted as national-level officials.General Instructions:You should only select ""Expressed"" if the relation can be inferred by reading the sentence, even if you know others are true. You also should not say ""Expressed"" based on facts that are likely to be true, but you are not sure after reading the sentence.Make sure you understand what two entities you are checking the relation for.",relation_not_expressed
deliberation-relation-person-place,19283,breadth and depth,"Read the question, sentence, definition, and instructions carefully.Is the following relation expressed in the sentence below?Hassan ""lived in"" IraqSentence:Hassan, the director of CARE international in Iraq, was abducted in Baghdad in October 2004 and shown on a video pleading for her life, calling on British Prime Minister Tony Blair to withdraw troops from Iraq.Definition of ""lived in"":""Lived in"" means a person spent time in a place for more than a visit. Working in a location does not imply that a person has a ""lived in"" relation except for the country of national officials. You may assume that someone who has held a national office or played for a national sports team has lived in the country they serve or represent. Ambassadors should be counted as national-level officials.General Instructions:You should only select ""Expressed"" if the relation can be inferred by reading the sentence, even if you know others are true. You also should not say ""Expressed"" based on facts that are likely to be true, but you are not sure after reading the sentence.Make sure you understand what two entities you are checking the relation for.",relation_not_expressed
deliberation-relation-person-place,19284,breadth,"Read the question, sentence, definition, and instructions carefully.Is the following relation expressed in the sentence below?Nicolas Sarkozy ""lived in"" FranceSentence:Nicolas Sarkozy leads Bastille Day celebrations, his first after being elected as France's president.Definition of ""lived in"":""Lived in"" means a person spent time in a place for more than a visit. Working in a location does not imply that a person has a ""lived in"" relation except for the country of national officials. You may assume that someone who has held a national office or played for a national sports team has lived in the country they serve or represent. Ambassadors should be counted as national-level officials.General Instructions:You should only select ""Expressed"" if the relation can be inferred by reading the sentence, even if you know others are true. You also should not say ""Expressed"" based on facts that are likely to be true, but you are not sure after reading the sentence.Make sure you understand what two entities you are checking the relation for.",relation_expressed
deliberation-relation-person-place,19285,breadth and depth,"Read the question, sentence, definition, and instructions carefully.Is the following relation expressed in the sentence below?Rafik Hariri ""died in"" LebanonSentence:But some Lebanese believe Syria continues to cause trouble in Lebanon -- pointing to a rash of recent bombings in Lebanon and the assassination of former leader Rafik Hariri in early 2005.Definition of ""died in"":""Died in"" means a person died in a certain location. This is most often indicated by actually using the words ""died in"" in a sentence.General Instructions:You should only select ""Expressed"" if the relation can be inferred by reading the sentence, even if you know others are true. You also should not say ""Expressed"" based on facts that are likely to be true, but you are not sure after reading the sentence.Make sure you understand what two entities you are checking the relation for.",relation_not_expressed
deliberation-relation-person-place,19286,breadth,"Read the question, sentence, definition, and instructions carefully.Is the following relation expressed in the sentence below?Bush ""lived in"" United StatesSentence:The United States needs to be ready to press compromise proposals, something Bush and his secretary of state, Condoleezza Rice, show little interest in doing.Definition of ""lived in"":""Lived in"" means a person spent time in a place for more than a visit. Working in a location does not imply that a person has a ""lived in"" relation except for the country of national officials. You may assume that someone who has held a national office or played for a national sports team has lived in the country they serve or represent. Ambassadors should be counted as national-level officials.General Instructions:You should only select ""Expressed"" if the relation can be inferred by reading the sentence, even if you know others are true. You also should not say ""Expressed"" based on facts that are likely to be true, but you are not sure after reading the sentence.Make sure you understand what two entities you are checking the relation for.",relation_not_expressed
deliberation-relation-person-place,19287,breadth,"Read the question, sentence, definition, and instructions carefully.Is the following relation expressed in the sentence below?President Kennedy ""died in"" DallasSentence:President Kennedy was assassinated in Dallas.Definition of ""died in"":""Died in"" means a person died in a certain location. This is most often indicated by actually using the words ""died in"" in a sentence.General Instructions:You should only select ""Expressed"" if the relation can be inferred by reading the sentence, even if you know others are true. You also should not say ""Expressed"" based on facts that are likely to be true, but you are not sure after reading the sentence.Make sure you understand what two entities you are checking the relation for.",relation_expressed
deliberation-relation-person-place,19288,breadth,"Read the question, sentence, definition, and instructions carefully.Is the following relation expressed in the sentence below?Ian Khama ""lived in"" BotswanaSentence:Botswana's President Ian Khama is one of the few African leaders to openly criticize Mugabe.Definition of ""lived in"":""Lived in"" means a person spent time in a place for more than a visit. Working in a location does not imply that a person has a ""lived in"" relation except for the country of national officials. You may assume that someone who has held a national office or played for a national sports team has lived in the country they serve or represent. Ambassadors should be counted as national-level officials.General Instructions:You should only select ""Expressed"" if the relation can be inferred by reading the sentence, even if you know others are true. You also should not say ""Expressed"" based on facts that are likely to be true, but you are not sure after reading the sentence.Make sure you understand what two entities you are checking the relation for.",relation_expressed
deliberation-relation-person-place,19289,breadth,"Read the question, sentence, definition, and instructions carefully.Is the following relation expressed in the sentence below?Snowden ""lived in"" United StatesSentence:Mr. Snowden flew to Russia after leaving the United States.Definition of ""lived in"":""Lived in"" means a person spent time in a place for more than a visit. Working in a location does not imply that a person has a ""lived in"" relation except for the country of national officials. You may assume that someone who has held a national office or played for a national sports team has lived in the country they serve or represent. Ambassadors should be counted as national-level officials.General Instructions:You should only select ""Expressed"" if the relation can be inferred by reading the sentence, even if you know others are true. You also should not say ""Expressed"" based on facts that are likely to be true, but you are not sure after reading the sentence.Make sure you understand what two entities you are checking the relation for.",relation_not_expressed
deliberation-relation-person-place,19290,breadth,"Read the question, sentence, definition, and instructions carefully.Is the following relation expressed in the sentence below?Litvinenko ""lived in"" LondonSentence:Litvinenko died of radioactive poisoning, from Polonium 210, in his home in London.Definition of ""lived in"":""Lived in"" means a person spent time in a place for more than a visit. Working in a location does not imply that a person has a ""lived in"" relation except for the country of national officials. You may assume that someone who has held a national office or played for a national sports team has lived in the country they serve or represent. Ambassadors should be counted as national-level officials.General Instructions:You should only select ""Expressed"" if the relation can be inferred by reading the sentence, even if you know others are true. You also should not say ""Expressed"" based on facts that are likely to be true, but you are not sure after reading the sentence.Make sure you understand what two entities you are checking the relation for.",relation_expressed
deliberation-relation-person-place,19291,breadth,"Read the question, sentence, definition, and instructions carefully.Is the following relation expressed in the sentence below?Saddam Hussein ""lived in"" IraqSentence:The United States launched the Iraq war and toppled the Saddam Hussein regime.Definition of ""lived in"":""Lived in"" means a person spent time in a place for more than a visit. Working in a location does not imply that a person has a ""lived in"" relation except for the country of national officials. You may assume that someone who has held a national office or played for a national sports team has lived in the country they serve or represent. Ambassadors should be counted as national-level officials.General Instructions:You should only select ""Expressed"" if the relation can be inferred by reading the sentence, even if you know others are true. You also should not say ""Expressed"" based on facts that are likely to be true, but you are not sure after reading the sentence.Make sure you understand what two entities you are checking the relation for.",relation_expressed
deliberation-relation-person-place,19292,breadth and depth,"Read the question, sentence, definition, and instructions carefully.Is the following relation expressed in the sentence below?Putin ""lived in"" RussiaSentence:Russia's relations with the West are a perennial topic at the press conference, which gives foreign journalists a rare chance to directly ask a question of Putin -- and gives Putin a chance to portray Russia, as he often does, as a country under attack from ill-wishers abroad.Definition of ""lived in"":""Lived in"" means a person spent time in a place for more than a visit. Working in a location does not imply that a person has a ""lived in"" relation except for the country of national officials. You may assume that someone who has held a national office or played for a national sports team has lived in the country they serve or represent. Ambassadors should be counted as national-level officials.General Instructions:You should only select ""Expressed"" if the relation can be inferred by reading the sentence, even if you know others are true. You also should not say ""Expressed"" based on facts that are likely to be true, but you are not sure after reading the sentence.Make sure you understand what two entities you are checking the relation for.",relation_not_expressed
deliberation-relation-person-place,19293,breadth,"Read the question, sentence, definition, and instructions carefully.Is the following relation expressed in the sentence below?Yuri Luzhkov ""lived in"" MoscowSentence:Klaus is scheduled to meet Moscow Mayor Yuri Luzhkov and receive an honorary doctorate at the Moscow State University.Definition of ""lived in"":""Lived in"" means a person spent time in a place for more than a visit. Working in a location does not imply that a person has a ""lived in"" relation except for the country of national officials. You may assume that someone who has held a national office or played for a national sports team has lived in the country they serve or represent. Ambassadors should be counted as national-level officials.General Instructions:You should only select ""Expressed"" if the relation can be inferred by reading the sentence, even if you know others are true. You also should not say ""Expressed"" based on facts that are likely to be true, but you are not sure after reading the sentence.Make sure you understand what two entities you are checking the relation for.",relation_not_expressed
deliberation-relation-person-place,19294,breadth,"Read the question, sentence, definition, and instructions carefully.Is the following relation expressed in the sentence below?Suu Kyi ""lived in"" YangonSentence:Suu Kyi, who is held under house arrest in Yangon by the military junta, appeared outside her house last week as a gesture of support for the marchers.Definition of ""lived in"":""Lived in"" means a person spent time in a place for more than a visit. Working in a location does not imply that a person has a ""lived in"" relation except for the country of national officials. You may assume that someone who has held a national office or played for a national sports team has lived in the country they serve or represent. Ambassadors should be counted as national-level officials.General Instructions:You should only select ""Expressed"" if the relation can be inferred by reading the sentence, even if you know others are true. You also should not say ""Expressed"" based on facts that are likely to be true, but you are not sure after reading the sentence.Make sure you understand what two entities you are checking the relation for.",relation_expressed
deliberation-relation-person-place,19295,breadth,"Read the question, sentence, definition, and instructions carefully.Is the following relation expressed in the sentence below?Bachardy ""lived in"" Los AngelesSentence:Economically limning Isherwood's aristocratic upbringing and early career, as well as Bachardy's years being brought up by a star-struck mother in Los Angeles, Chris & Don chronicles their relationship with simplicity and discretion.Definition of ""lived in"":""Lived in"" means a person spent time in a place for more than a visit. Working in a location does not imply that a person has a ""lived in"" relation except for the country of national officials. You may assume that someone who has held a national office or played for a national sports team has lived in the country they serve or represent. Ambassadors should be counted as national-level officials.General Instructions:You should only select ""Expressed"" if the relation can be inferred by reading the sentence, even if you know others are true. You also should not say ""Expressed"" based on facts that are likely to be true, but you are not sure after reading the sentence.Make sure you understand what two entities you are checking the relation for.",relation_expressed
deliberation-relation-person-place,19296,breadth and depth,"Read the question, sentence, definition, and instructions carefully.Is the following relation expressed in the sentence below?Michael McMahon ""lived in"" Staten IslandSentence:And on Staten Island, Democrat Michael McMahon beat GOP contender Robert Straniere for a seat that became vacant after Representative Vito Fossella, who in May was charged with drunken driving and acknowledged having a child from an extramarital affair, decided not to run for reelection.Definition of ""lived in"":""Lived in"" means a person spent time in a place for more than a visit. Working in a location does not imply that a person has a ""lived in"" relation except for the country of national officials. You may assume that someone who has held a national office or played for a national sports team has lived in the country they serve or represent. Ambassadors should be counted as national-level officials.General Instructions:You should only select ""Expressed"" if the relation can be inferred by reading the sentence, even if you know others are true. You also should not say ""Expressed"" based on facts that are likely to be true, but you are not sure after reading the sentence.Make sure you understand what two entities you are checking the relation for.",relation_not_expressed
deliberation-relation-person-place,19297,breadth,"Read the question, sentence, definition, and instructions carefully.Is the following relation expressed in the sentence below?Baitullah Mehsud ""lived in"" South WaziristanSentence:Separately, troops on Friday continued to comb mountains in the tribal region of South Waziristan around the hideout of Islamist warlord Baitullah Mehsud, officials said.Definition of ""lived in"":""Lived in"" means a person spent time in a place for more than a visit. Working in a location does not imply that a person has a ""lived in"" relation except for the country of national officials. You may assume that someone who has held a national office or played for a national sports team has lived in the country they serve or represent. Ambassadors should be counted as national-level officials.General Instructions:You should only select ""Expressed"" if the relation can be inferred by reading the sentence, even if you know others are true. You also should not say ""Expressed"" based on facts that are likely to be true, but you are not sure after reading the sentence.Make sure you understand what two entities you are checking the relation for.",relation_not_expressed
deliberation-relation-person-place,19298,breadth and depth,"Read the question, sentence, definition, and instructions carefully.Is the following relation expressed in the sentence below?Aung San Suu Kyi ""lived in"" YangonSentence:There had been speculation Gambari would return to Yangon on Tuesday to meet with detained pro-democracy leader Aung San Suu Kyi.Definition of ""lived in"":""Lived in"" means a person spent time in a place for more than a visit. Working in a location does not imply that a person has a ""lived in"" relation except for the country of national officials. You may assume that someone who has held a national office or played for a national sports team has lived in the country they serve or represent. Ambassadors should be counted as national-level officials.General Instructions:You should only select ""Expressed"" if the relation can be inferred by reading the sentence, even if you know others are true. You also should not say ""Expressed"" based on facts that are likely to be true, but you are not sure after reading the sentence.Make sure you understand what two entities you are checking the relation for.",relation_not_expressed
deliberation-relation-person-place,19299,breadth,"Read the question, sentence, definition, and instructions carefully.Is the following relation expressed in the sentence below?Vladimir Putin ""lived in"" RussiaSentence:U.S. President George W. Bush and his Russian counterpart, Vladimir Putin, announced the initiative last July at the Group of Eight summit in St. Petersburg, Russia, urging like-minded countries to expand joint efforts to ""combat nuclear terrorism on a determined and systematic basis"".Definition of ""lived in"":""Lived in"" means a person spent time in a place for more than a visit. Working in a location does not imply that a person has a ""lived in"" relation except for the country of national officials. You may assume that someone who has held a national office or played for a national sports team has lived in the country they serve or represent. Ambassadors should be counted as national-level officials.General Instructions:You should only select ""Expressed"" if the relation can be inferred by reading the sentence, even if you know others are true. You also should not say ""Expressed"" based on facts that are likely to be true, but you are not sure after reading the sentence.Make sure you understand what two entities you are checking the relation for.",relation_expressed
deliberation-relation-person-place,19300,breadth,"Read the question, sentence, definition, and instructions carefully.Is the following relation expressed in the sentence below?Kim Dong-kyu ""lived in"" South KoreaSentence:Earl Benjamin Yap from Philippines upset Kim Dong-kyu of South Korea 116-114 in the final to win the mens compound gold at the Asian Archery Championships here on Monday.Definition of ""lived in"":""Lived in"" means a person spent time in a place for more than a visit. Working in a location does not imply that a person has a ""lived in"" relation except for the country of national officials. You may assume that someone who has held a national office or played for a national sports team has lived in the country they serve or represent. Ambassadors should be counted as national-level officials.General Instructions:You should only select ""Expressed"" if the relation can be inferred by reading the sentence, even if you know others are true. You also should not say ""Expressed"" based on facts that are likely to be true, but you are not sure after reading the sentence.Make sure you understand what two entities you are checking the relation for.",relation_expressed
deliberation-relation-person-place,19301,breadth,"Read the question, sentence, definition, and instructions carefully.Is the following relation expressed in the sentence below?Narendra Modi ""lived in"" IndiaSentence:Sunday's vote in Gujarat, in western India, was also a personal victory for Narendra Modi, arguably India's most divisive politician.Definition of ""lived in"":""Lived in"" means a person spent time in a place for more than a visit. Working in a location does not imply that a person has a ""lived in"" relation except for the country of national officials. You may assume that someone who has held a national office or played for a national sports team has lived in the country they serve or represent. Ambassadors should be counted as national-level officials.General Instructions:You should only select ""Expressed"" if the relation can be inferred by reading the sentence, even if you know others are true. You also should not say ""Expressed"" based on facts that are likely to be true, but you are not sure after reading the sentence.Make sure you understand what two entities you are checking the relation for.",relation_not_expressed
deliberation-relation-person-place,19302,breadth,"Read the question, sentence, definition, and instructions carefully.Is the following relation expressed in the sentence below?Nawaz Sharif ""lived in"" PakistanSentence:Bhutto's return initially drew a disdainful reaction from the party of Nawaz Sharif, another former prime minister who was deported from Pakistan when he tried to return from exile Sept. 10.Definition of ""lived in"":""Lived in"" means a person spent time in a place for more than a visit. Working in a location does not imply that a person has a ""lived in"" relation except for the country of national officials. You may assume that someone who has held a national office or played for a national sports team has lived in the country they serve or represent. Ambassadors should be counted as national-level officials.General Instructions:You should only select ""Expressed"" if the relation can be inferred by reading the sentence, even if you know others are true. You also should not say ""Expressed"" based on facts that are likely to be true, but you are not sure after reading the sentence.Make sure you understand what two entities you are checking the relation for.",
deliberation-relation-person-place,19303,breadth,"Read the question, sentence, definition, and instructions carefully.Is the following relation expressed in the sentence below?Mahmoud Zahar ""lived in"" GazaSentence:Mahmoud Zahar, a military leader, said his group was waiting for Gaza's response.Definition of ""lived in"":""Lived in"" means a person spent time in a place for more than a visit. Working in a location does not imply that a person has a ""lived in"" relation except for the country of national officials. You may assume that someone who has held a national office or played for a national sports team has lived in the country they serve or represent. Ambassadors should be counted as national-level officials.General Instructions:You should only select ""Expressed"" if the relation can be inferred by reading the sentence, even if you know others are true. You also should not say ""Expressed"" based on facts that are likely to be true, but you are not sure after reading the sentence.Make sure you understand what two entities you are checking the relation for.",
deliberation-relation-person-place,19304,breadth and depth,"Read the question, sentence, definition, and instructions carefully.Is the following relation expressed in the sentence below?Nuri al-Maliki ""lived in"" IraqSentence:Prime Minister Nuri al-Maliki will begin a regional tour on Sunday to drum up support for next month's international conference in Egypt aimed at quelling the raging bloodshed in Iraq.Definition of ""lived in"":""Lived in"" means a person spent time in a place for more than a visit. Working in a location does not imply that a person has a ""lived in"" relation except for the country of national officials. You may assume that someone who has held a national office or played for a national sports team has lived in the country they serve or represent. Ambassadors should be counted as national-level officials.General Instructions:You should only select ""Expressed"" if the relation can be inferred by reading the sentence, even if you know others are true. You also should not say ""Expressed"" based on facts that are likely to be true, but you are not sure after reading the sentence.Make sure you understand what two entities you are checking the relation for.",
deliberation-relation-person-place,19305,breadth and depth,"Read the question, sentence, definition, and instructions carefully.Is the following relation expressed in the sentence below?King Abdullah ""lived in"" Saudi ArabiaSentence:Iranian President Mahmoud Ahmadinejad chided Saudi Arabia bluntly telling King Abdullah in a telephone conversation that he wished Riyadh was not attending the conference.Definition of ""lived in"":""Lived in"" means a person spent time in a place for more than a visit. Working in a location does not imply that a person has a ""lived in"" relation except for the country of national officials. You may assume that someone who has held a national office or played for a national sports team has lived in the country they serve or represent. Ambassadors should be counted as national-level officials.General Instructions:You should only select ""Expressed"" if the relation can be inferred by reading the sentence, even if you know others are true. You also should not say ""Expressed"" based on facts that are likely to be true, but you are not sure after reading the sentence.Make sure you understand what two entities you are checking the relation for.",
deliberation-relation-person-place,19306,breadth,"Read the question, sentence, definition, and instructions carefully.Is the following relation expressed in the sentence below?Juan Camilo Mourino ""lived in"" Mexico CitySentence:The Lear jet slammed into a busy district in Mexico City on Tuesday, killing five people on the ground and nine on the plane, including Interior Minister Juan Camilo Mourino and Mexican former anti-drug prosecutor Jose Luis Santiago Vasconcelos.Definition of ""lived in"":""Lived in"" means a person spent time in a place for more than a visit. Working in a location does not imply that a person has a ""lived in"" relation except for the country of national officials. You may assume that someone who has held a national office or played for a national sports team has lived in the country they serve or represent. Ambassadors should be counted as national-level officials.General Instructions:You should only select ""Expressed"" if the relation can be inferred by reading the sentence, even if you know others are true. You also should not say ""Expressed"" based on facts that are likely to be true, but you are not sure after reading the sentence.Make sure you understand what two entities you are checking the relation for.",
deliberation-relation-person-place,19307,breadth,"Read the question, sentence, definition, and instructions carefully.Is the following relation expressed in the sentence below?Samir Kantar ""lived in"" LebanonSentence:He blasted the hero's welcome being prepared in Lebanon for Samir Kantar, a Lebanese fighter with a Palestinian faction who was among the Lebanese prisoners being exchanged for the two Israelis.Definition of ""lived in"":""Lived in"" means a person spent time in a place for more than a visit. Working in a location does not imply that a person has a ""lived in"" relation except for the country of national officials. You may assume that someone who has held a national office or played for a national sports team has lived in the country they serve or represent. Ambassadors should be counted as national-level officials.General Instructions:You should only select ""Expressed"" if the relation can be inferred by reading the sentence, even if you know others are true. You also should not say ""Expressed"" based on facts that are likely to be true, but you are not sure after reading the sentence.Make sure you understand what two entities you are checking the relation for.",
deliberation-relation-person-place,19308,breadth,"Read the question, sentence, definition, and instructions carefully.Is the following relation expressed in the sentence below?Antel ""lived in"" ViennaSentence:""Mrs. Antel wishes us simply to announce that the film director gently slipped away,"" a spokesperson for the old persons' home in Vienna where Antel was staying also said.Definition of ""lived in"":""Lived in"" means a person spent time in a place for more than a visit. Working in a location does not imply that a person has a ""lived in"" relation except for the country of national officials. You may assume that someone who has held a national office or played for a national sports team has lived in the country they serve or represent. Ambassadors should be counted as national-level officials.General Instructions:You should only select ""Expressed"" if the relation can be inferred by reading the sentence, even if you know others are true. You also should not say ""Expressed"" based on facts that are likely to be true, but you are not sure after reading the sentence.Make sure you understand what two entities you are checking the relation for.",
deliberation-relation-person-place,19309,breadth,"Read the question, sentence, definition, and instructions carefully.Is the following relation expressed in the sentence below?Alexander Kotov ""lived in"" western MoscowSentence:Alexander Kotov, 47, a businessman, died after casting his ballot in western Moscow.Definition of ""lived in"":""Lived in"" means a person spent time in a place for more than a visit. Working in a location does not imply that a person has a ""lived in"" relation except for the country of national officials. You may assume that someone who has held a national office or played for a national sports team has lived in the country they serve or represent. Ambassadors should be counted as national-level officials.General Instructions:You should only select ""Expressed"" if the relation can be inferred by reading the sentence, even if you know others are true. You also should not say ""Expressed"" based on facts that are likely to be true, but you are not sure after reading the sentence.Make sure you understand what two entities you are checking the relation for.",
deliberation-relation-person-place,19310,breadth,"Read the question, sentence, definition, and instructions carefully.Is the following relation expressed in the sentence below?Bhutto ""lived in"" KarachiSentence:All were anxious to avoid a repeat of the double suicide bombing that targeted Bhutto's homecoming last month in her port city stronghold of Karachi, killing 139 people.Definition of ""lived in"":""Lived in"" means a person spent time in a place for more than a visit. Working in a location does not imply that a person has a ""lived in"" relation except for the country of national officials. You may assume that someone who has held a national office or played for a national sports team has lived in the country they serve or represent. Ambassadors should be counted as national-level officials.General Instructions:You should only select ""Expressed"" if the relation can be inferred by reading the sentence, even if you know others are true. You also should not say ""Expressed"" based on facts that are likely to be true, but you are not sure after reading the sentence.Make sure you understand what two entities you are checking the relation for.",
deliberation-relation-person-place,19311,breadth and depth,"Read the question, sentence, definition, and instructions carefully.Is the following relation expressed in the sentence below?Kenyatta ""lived in"" KenyaSentence:Kenyatta -- a son of Kenya's first president and independence hero, Jomo Kenyatta -- came second to Kibaki in 2002.Definition of ""lived in"":""Lived in"" means a person spent time in a place for more than a visit. Working in a location does not imply that a person has a ""lived in"" relation except for the country of national officials. You may assume that someone who has held a national office or played for a national sports team has lived in the country they serve or represent. Ambassadors should be counted as national-level officials.General Instructions:You should only select ""Expressed"" if the relation can be inferred by reading the sentence, even if you know others are true. You also should not say ""Expressed"" based on facts that are likely to be true, but you are not sure after reading the sentence.Make sure you understand what two entities you are checking the relation for.",
deliberation-relation-person-place,19312,breadth,"Read the question, sentence, definition, and instructions carefully.Is the following relation expressed in the sentence below?Vincent Otti ""lived in"" UgandaSentence:An outbreak of cholera has swept a camp housing Uganda's rebel Lord's Resistance Army, infecting its leader Joseph Kony, his deputy Vincent Otti, and scores of fighters, a spokesman said Friday.Definition of ""lived in"":""Lived in"" means a person spent time in a place for more than a visit. Working in a location does not imply that a person has a ""lived in"" relation except for the country of national officials. You may assume that someone who has held a national office or played for a national sports team has lived in the country they serve or represent. Ambassadors should be counted as national-level officials.General Instructions:You should only select ""Expressed"" if the relation can be inferred by reading the sentence, even if you know others are true. You also should not say ""Expressed"" based on facts that are likely to be true, but you are not sure after reading the sentence.Make sure you understand what two entities you are checking the relation for.",
deliberation-relation-person-place,19313,breadth,"Read the question, sentence, definition, and instructions carefully.Is the following relation expressed in the sentence below?Ehud Olmert ""lived in"" IsraelSentence:Jerusalem -- The U.S. and Israel have agreed before a three-way meeting with the Palestinians to shun any new Palestinian government that does not renounce violence, recognize Israel and accept existing peace agreements, Prime Minister Ehud Olmert says.Definition of ""lived in"":""Lived in"" means a person spent time in a place for more than a visit. Working in a location does not imply that a person has a ""lived in"" relation except for the country of national officials. You may assume that someone who has held a national office or played for a national sports team has lived in the country they serve or represent. Ambassadors should be counted as national-level officials.General Instructions:You should only select ""Expressed"" if the relation can be inferred by reading the sentence, even if you know others are true. You also should not say ""Expressed"" based on facts that are likely to be true, but you are not sure after reading the sentence.Make sure you understand what two entities you are checking the relation for.",
deliberation-relation-person-place,19314,breadth,"Read the question, sentence, definition, and instructions carefully.Is the following relation expressed in the sentence below?Tom Casey ""lived in"" IraqSentence:To measure the extent of the problem, the department's medical service will begin sending mental health surveys this month to 1,400 officials who have served in Iraq since the 2003 US-led invasion which toppled Saddam Hussein, spokesman Tom Casey said.Definition of ""lived in"":""Lived in"" means a person spent time in a place for more than a visit. Working in a location does not imply that a person has a ""lived in"" relation except for the country of national officials. You may assume that someone who has held a national office or played for a national sports team has lived in the country they serve or represent. Ambassadors should be counted as national-level officials.General Instructions:You should only select ""Expressed"" if the relation can be inferred by reading the sentence, even if you know others are true. You also should not say ""Expressed"" based on facts that are likely to be true, but you are not sure after reading the sentence.Make sure you understand what two entities you are checking the relation for.",
deliberation-relation-person-place,19315,breadth,"Read the question, sentence, definition, and instructions carefully.Is the following relation expressed in the sentence below?Moretto ""lived in"" BrazilSentence:Moretto, 29, first played in his native Brazil for clubs Sao Jose, Londrina, Sport Recife, and Brasiliense before joining Portugal's Salgueiros in 2003.Definition of ""lived in"":""Lived in"" means a person spent time in a place for more than a visit. Working in a location does not imply that a person has a ""lived in"" relation except for the country of national officials. You may assume that someone who has held a national office or played for a national sports team has lived in the country they serve or represent. Ambassadors should be counted as national-level officials.General Instructions:You should only select ""Expressed"" if the relation can be inferred by reading the sentence, even if you know others are true. You also should not say ""Expressed"" based on facts that are likely to be true, but you are not sure after reading the sentence.Make sure you understand what two entities you are checking the relation for.",
deliberation-relation-person-place,19316,breadth,"Read the question, sentence, definition, and instructions carefully.Is the following relation expressed in the sentence below?Zafar ""lived in"" YangonSentence:Zafar was exiled to Yangon, formerly known as Rangoon, and died in captivity five years later, the last of the emperors of the once sprawling Mughal empire.Definition of ""lived in"":""Lived in"" means a person spent time in a place for more than a visit. Working in a location does not imply that a person has a ""lived in"" relation except for the country of national officials. You may assume that someone who has held a national office or played for a national sports team has lived in the country they serve or represent. Ambassadors should be counted as national-level officials.General Instructions:You should only select ""Expressed"" if the relation can be inferred by reading the sentence, even if you know others are true. You also should not say ""Expressed"" based on facts that are likely to be true, but you are not sure after reading the sentence.Make sure you understand what two entities you are checking the relation for.",
